{
  "__type__": "dragonBones.DragonBonesAsset",
  "_name": "kyby_jishaboss_ske",
  "_objFlags": 0,
  "_native": "",
  "_dragonBonesJson": "{\"frameRate\":30,\"name\":\"kyby_jishaboss\",\"version\":\"5.5\",\"compatibleVersion\":\"5.5\",\"armature\":[{\"type\":\"Armature\",\"frameRate\":30,\"name\":\"kyby_jishaboss\",\"aabb\":{\"x\":-643.09,\"y\":-381.2,\"width\":1281.99,\"height\":746.01},\"bone\":[{\"name\":\"root\"},{\"name\":\"bone\",\"parent\":\"root\",\"transform\":{\"x\":-7.2622,\"y\":-381.7162}},{\"name\":\"bone4\",\"parent\":\"bone\",\"transform\":{\"y\":350.78}},{\"name\":\"bone5\",\"parent\":\"bone\",\"transform\":{\"y\":350.78}},{\"name\":\"bone6\",\"parent\":\"bone\",\"transform\":{\"y\":350.78}},{\"name\":\"bone7\",\"parent\":\"bone\",\"transform\":{\"y\":178.88}},{\"name\":\"bone9\",\"parent\":\"bone\",\"transform\":{\"y\":350.81}},{\"name\":\"bone10\",\"parent\":\"bone\",\"transform\":{\"y\":350.81}},{\"name\":\"bone11\",\"parent\":\"bone\",\"transform\":{\"y\":350.81}},{\"name\":\"hengfu\",\"parent\":\"bone\",\"transform\":{\"x\":10.2388,\"y\":522.4415}},{\"name\":\"fish\",\"parent\":\"bone\",\"transform\":{\"x\":11.3119,\"y\":367.1121}},{\"name\":\"number\",\"parent\":\"bone\",\"transform\":{\"x\":10.2388,\"y\":522.4415}},{\"name\":\"glow\",\"parent\":\"bone\"},{\"name\":\"kuang\",\"parent\":\"hengfu\"},{\"name\":\"jinbi\",\"parent\":\"hengfu\",\"transform\":{\"y\":-24.1848}},{\"name\":\"glow1\",\"parent\":\"glow\",\"transform\":{\"x\":-205.555,\"y\":482.0072}},{\"name\":\"biaoti1\",\"parent\":\"bone7\",\"transform\":{\"scX\":2,\"scY\":2}},{\"name\":\"glow11\",\"parent\":\"glow\",\"transform\":{\"x\":-205.555,\"y\":482.0072}},{\"name\":\"glow12\",\"parent\":\"glow\",\"transform\":{\"x\":-205.555,\"y\":482.0072}}],\"slot\":[{\"name\":\"heisezhezhao\",\"parent\":\"bone\"},{\"blendMode\":\"add\",\"name\":\"di\",\"parent\":\"bone5\"},{\"name\":\"kuang\",\"parent\":\"bone4\"},{\"name\":\"biaoti\",\"parent\":\"bone7\"},{\"blendMode\":\"add\",\"displayIndex\":11,\"name\":\"biaoti_01\",\"parent\":\"biaoti1\"},{\"blendMode\":\"add\",\"name\":\"dibushexian\",\"parent\":\"bone6\"},{\"name\":\"jinbi3\",\"parent\":\"bone9\"},{\"name\":\"jinbi_01\",\"parent\":\"bone10\"},{\"name\":\"jinbi_02\",\"parent\":\"bone11\"},{\"name\":\"jinbi_4\",\"parent\":\"bone9\"},{\"name\":\"jinbi_5\",\"parent\":\"bone9\"},{\"displayIndex\":-1,\"name\":\"jinbi_1\",\"parent\":\"bone\"},{\"displayIndex\":-1,\"name\":\"jinbi_2\",\"parent\":\"bone\"},{\"displayIndex\":-1,\"name\":\"jinbi_6\",\"parent\":\"bone\"},{\"displayIndex\":-1,\"name\":\"jinbi_3\",\"parent\":\"bone\"},{\"displayIndex\":-1,\"name\":\"jinbi_7\",\"parent\":\"bone\"},{\"displayIndex\":-1,\"name\":\"jinbi_8\",\"parent\":\"bone\"},{\"displayIndex\":-1,\"name\":\"jinbi_9\",\"parent\":\"bone\"},{\"name\":\"fish\",\"parent\":\"fish\"},{\"name\":\"jinbidui1\",\"parent\":\"jinbi\"},{\"name\":\"hengfu\",\"parent\":\"kuang\"},{\"displayIndex\":-1,\"name\":\"number\",\"parent\":\"number\"},{\"blendMode\":\"add\",\"name\":\"jishaboss_guang\",\"parent\":\"glow1\",\"color\":{\"rM\":97,\"gM\":89,\"bM\":0}},{\"blendMode\":\"add\",\"name\":\"jishaboss_guang1\",\"parent\":\"glow11\",\"color\":{\"rM\":97,\"gM\":89,\"bM\":0}},{\"blendMode\":\"add\",\"name\":\"jishaboss_guang2\",\"parent\":\"glow12\",\"color\":{\"rM\":97,\"gM\":89,\"bM\":0}}],\"skin\":[{\"slot\":[{\"name\":\"di\",\"display\":[{\"name\":\"di\",\"transform\":{\"x\":4.17,\"y\":35.75}}]},{\"name\":\"hengfu\",\"display\":[{\"name\":\"shuzikuang\"}]},{\"name\":\"jinbi_5\",\"display\":[{\"type\":\"mesh\",\"name\":\"jinbi_5\",\"width\":92,\"height\":88,\"vertices\":[-181.18,-105.48,-273.18,-105.48,-273.18,-193.48,-181.18,-193.48],\"uvs\":[1,1,0,1,0,0,1,0],\"triangles\":[1,0,3,2,1,3],\"edges\":[1,0,0,3,3,2,2,1],\"userEdges\":[]}]},{\"name\":\"kuang\",\"display\":[{\"name\":\"kuang\",\"transform\":{\"x\":6.16,\"y\":28.22}}]},{\"name\":\"jishaboss_guang\",\"display\":[{\"type\":\"mesh\",\"name\":\"jishaboss_guang\",\"width\":98,\"height\":97,\"path\":\"a_guang\",\"vertices\":[39,37.26,-59,37.26,-59,-59.74,39,-59.74],\"uvs\":[1,1,0,1,0,0,1,0],\"triangles\":[1,0,3,2,1,3],\"edges\":[1,0,0,3,3,2,2,1],\"userEdges\":[]}]},{\"name\":\"jishaboss_guang1\",\"display\":[{\"type\":\"mesh\",\"name\":\"jishaboss_guang\",\"width\":98,\"height\":97,\"path\":\"a_guang\",\"vertices\":[39,37.26,-59,37.26,-59,-59.74,39,-59.74],\"uvs\":[1,1,0,1,0,0,1,0],\"triangles\":[1,0,3,2,1,3],\"edges\":[1,0,0,3,3,2,2,1],\"userEdges\":[]}]},{\"name\":\"dibushexian\",\"display\":[{\"name\":\"dibushexian\",\"transform\":{\"x\":-30.11,\"y\":7.24}}]},{\"name\":\"jinbi_2\",\"display\":[{\"type\":\"mesh\",\"name\":\"jinbi_02\",\"width\":701,\"height\":415,\"vertices\":[355.16,578.12,-345.84,578.12,-345.84,163.12,355.16,163.12],\"uvs\":[1,1,0,1,0,0,1,0],\"triangles\":[1,0,3,2,1,3],\"edges\":[1,0,0,3,3,2,2,1],\"userEdges\":[]}]},{\"name\":\"heisezhezhao\",\"display\":[{\"name\":\"heisezhezhao\",\"transform\":{\"x\":7.13,\"y\":382.64,\"scX\":2,\"scY\":2}}]},{\"name\":\"jinbi_01\",\"display\":[{\"type\":\"mesh\",\"name\":\"jinbi_01\",\"width\":575,\"height\":415,\"vertices\":[223.91,130.31,-351.09,130.31,-351.09,-284.69,223.91,-284.69],\"uvs\":[1,1,0,1,0,0,1,0],\"triangles\":[1,0,3,2,1,3],\"edges\":[1,0,0,3,3,2,2,1],\"userEdges\":[]}]},{\"name\":\"jinbi_02\",\"display\":[{\"type\":\"mesh\",\"name\":\"jinbi_02\",\"width\":701,\"height\":415,\"vertices\":[332.61,-18.36,332.61,51.98,332.61,263.78,-368.39,263.78,-368.39,68.02,-368.39,-2.31,-368.39,-151.22,332.61,-151.22,-275.66,-68.95,-304.05,-24.53,-260.86,19.9,-213.97,16.2,-211.5,-38.1,-301.58,7.56,-288.01,58.15,-236.18,49.51,-273.2,79.13,-238.65,123.55,-183.11,89,256.19,-19.59,238.91,44.58],\"uvs\":[1,0.32015,1,0.48964,1,1,0,1,0,0.52829,0,0.3588,0,0,1,0,0.13228,0.19824,0.09179,0.30528,0.1534,0.41233,0.22029,0.40341,0.22381,0.27257,0.09531,0.38259,0.11467,0.5045,0.18861,0.48369,0.1358,0.55506,0.18509,0.6621,0.2643,0.57884,0.89098,0.31717,0.86634,0.4718],\"triangles\":[12,19,7,6,12,7,7,19,0,0,19,1,19,20,1,18,17,2,17,3,2,20,18,2,1,20,2,6,8,12,12,20,19,12,18,20,11,15,18,15,17,18,12,11,18,16,17,15,10,11,12,8,10,12,8,9,10,10,15,11,16,4,17,4,3,17,10,14,15,14,16,15,9,13,10,13,14,10,14,4,16,6,9,8,6,5,9,13,4,14,9,5,13,5,4,13],\"edges\":[3,2,2,1,1,0,0,7,7,6,6,5,5,4,4,3],\"userEdges\":[8,9,9,10,10,11,11,12,12,8,5,13,13,14,14,4,15,16,16,17,17,18,18,15,19,0,19,20,20,1]}]},{\"name\":\"jinbi_4\",\"display\":[{\"type\":\"mesh\",\"name\":\"jinbi_4\",\"width\":117,\"height\":80,\"vertices\":[297.2,-43.8,180.2,-43.8,180.2,-123.8,297.2,-123.8],\"uvs\":[1,1,0,1,0,0,1,0],\"triangles\":[1,0,3,2,1,3],\"edges\":[1,0,0,3,3,2,2,1],\"userEdges\":[]}]},{\"name\":\"biaoti\",\"display\":[{\"name\":\"biaoti\",\"transform\":{\"x\":26.81,\"y\":26.14}}]},{\"name\":\"jinbi_1\",\"display\":[{\"type\":\"mesh\",\"name\":\"jinbi_01\",\"width\":575,\"height\":415,\"vertices\":[-294.02,569.92,280.98,569.92,280.98,154.92,-294.02,154.92],\"uvs\":[1,1,0,1,0,0,1,0],\"triangles\":[1,0,3,2,1,3],\"edges\":[1,0,0,3,3,2,2,1],\"userEdges\":[]}]},{\"name\":\"jinbi_3\",\"display\":[{\"type\":\"mesh\",\"name\":\"jinbi_01\",\"width\":575,\"height\":415,\"vertices\":[-150.07,43.61,319.93,374.87,80.84,714.08,-389.15,382.83],\"uvs\":[1,1,0,1,0,0,1,0],\"triangles\":[1,0,3,2,1,3],\"edges\":[1,0,0,3,3,2,2,1],\"userEdges\":[]}]},{\"name\":\"jinbi_7\",\"display\":[{\"type\":\"mesh\",\"name\":\"jinbi_02\",\"width\":701,\"height\":415,\"vertices\":[-309.21,166.99,391.72,157.68,397.24,572.64,-303.7,581.95],\"uvs\":[1,1,0,1,0,0,1,0],\"triangles\":[1,0,3,2,1,3],\"edges\":[1,0,0,3,3,2,2,1],\"userEdges\":[]}]},{\"name\":\"biaoti_01\",\"display\":[{\"name\":\"xl_00011\"},{\"name\":\"xl_00010\"},{\"name\":\"xl_00009\"},{\"name\":\"xl_00008\"},{\"name\":\"xl_00007\"},{\"name\":\"xl_00006\"},{\"name\":\"xl_00005\"},{\"name\":\"xl_00004\"},{\"name\":\"xl_00003\"},{\"name\":\"xl_00002\"},{\"name\":\"xl_00001\"},{\"name\":\"xl_00000\"}]},{\"name\":\"jinbi3\",\"display\":[{\"type\":\"mesh\",\"name\":\"jinbi3\",\"width\":124,\"height\":103,\"vertices\":[-246.78,66.88,-370.78,66.88,-370.78,-36.12,-246.78,-36.12],\"uvs\":[1,1,0,1,0,0,1,0],\"triangles\":[1,0,3,2,1,3],\"edges\":[1,0,0,3,3,2,2,1],\"userEdges\":[]}]},{\"name\":\"jishaboss_guang2\",\"display\":[{\"type\":\"mesh\",\"name\":\"jishaboss_guang\",\"width\":98,\"height\":97,\"path\":\"a_guang\",\"vertices\":[39,37.26,-59,37.26,-59,-59.74,39,-59.74],\"uvs\":[1,1,0,1,0,0,1,0],\"triangles\":[1,0,3,2,1,3],\"edges\":[1,0,0,3,3,2,2,1],\"userEdges\":[]}]},{\"name\":\"fish\",\"display\":[{\"name\":\"kypy_killboss_mry\"}]},{\"name\":\"jinbidui1\",\"display\":[{\"name\":\"jinbidui\"}]}]}],\"animation\":[{\"duration\":65,\"name\":\"animation\",\"bone\":[{\"name\":\"bone9\",\"scaleFrame\":[{\"duration\":8,\"tweenEasing\":0,\"x\":0,\"y\":0},{\"duration\":17,\"x\":0,\"y\":0},{\"duration\":33,\"x\":1.38,\"y\":1.38},{\"duration\":7,\"x\":1.38,\"y\":1.38},{\"duration\":0,\"x\":0.88,\"y\":0.88}]},{\"name\":\"bone4\",\"scaleFrame\":[{\"duration\":2,\"tweenEasing\":0,\"x\":0,\"y\":0},{\"duration\":5,\"tweenEasing\":0,\"x\":0,\"y\":0},{\"duration\":5,\"tweenEasing\":0,\"x\":1.2,\"y\":1.2},{\"duration\":53}]},{\"name\":\"bone7\",\"translateFrame\":[{\"duration\":65,\"x\":2.71,\"y\":-4.7}],\"scaleFrame\":[{\"duration\":3,\"tweenEasing\":0,\"x\":0,\"y\":0},{\"duration\":5,\"tweenEasing\":0,\"x\":0,\"y\":0},{\"duration\":5,\"tweenEasing\":0,\"x\":1.2,\"y\":1.2},{\"duration\":4,\"tweenEasing\":0},{\"duration\":4,\"tweenEasing\":0,\"x\":1.03,\"y\":1.03},{\"duration\":44}]},{\"name\":\"bone6\",\"rotateFrame\":[{\"duration\":29,\"tweenEasing\":0},{\"duration\":36,\"tweenEasing\":0,\"rotate\":180},{\"duration\":0}],\"scaleFrame\":[{\"duration\":2,\"tweenEasing\":0,\"x\":0,\"y\":0},{\"duration\":5,\"tweenEasing\":0,\"x\":0,\"y\":0},{\"duration\":5,\"tweenEasing\":0,\"x\":1.2,\"y\":1.2},{\"duration\":7,\"tweenEasing\":0},{\"duration\":10,\"tweenEasing\":0,\"x\":0.67,\"y\":0.67},{\"duration\":9,\"tweenEasing\":0,\"x\":0.77,\"y\":0.77},{\"duration\":7,\"curve\":[0.126,0,0.8109999999999999,0.74],\"x\":0.71,\"y\":0.71},{\"duration\":8,\"curve\":[0.372,0.48,0.752,1],\"x\":0.96,\"y\":0.96},{\"duration\":7,\"curve\":[0.25,0,0.75,1],\"x\":0.71,\"y\":0.71},{\"duration\":5,\"curve\":[0.372,0.48,0.752,1],\"x\":0.96,\"y\":0.96},{\"duration\":0,\"x\":0.71,\"y\":0.71}]},{\"name\":\"bone5\",\"scaleFrame\":[{\"duration\":6,\"tweenEasing\":0,\"x\":0,\"y\":0},{\"duration\":5,\"tweenEasing\":0,\"x\":1.2,\"y\":1.2},{\"duration\":7,\"tweenEasing\":0},{\"duration\":20,\"tweenEasing\":0,\"x\":0.92,\"y\":0.92},{\"duration\":27,\"x\":1.03,\"y\":1.03}]},{\"name\":\"bone11\",\"scaleFrame\":[{\"duration\":10,\"tweenEasing\":0,\"x\":0,\"y\":0},{\"duration\":13,\"curve\":[0,0.76,0.75,1],\"x\":0,\"y\":0},{\"duration\":15,\"tweenEasing\":0,\"x\":1.9,\"y\":1.9},{\"duration\":27}]},{\"name\":\"bone10\",\"translateFrame\":[{\"duration\":10,\"tweenEasing\":0},{\"duration\":15,\"curve\":[0.159,0.92,0.764,0.95]},{\"duration\":13,\"tweenEasing\":0,\"x\":-7.07,\"y\":150.91},{\"duration\":27}],\"scaleFrame\":[{\"duration\":10,\"tweenEasing\":0,\"x\":0,\"y\":0},{\"duration\":15,\"curve\":[0.159,0.92,0.764,0.95],\"x\":0,\"y\":0},{\"duration\":13,\"tweenEasing\":0,\"x\":1.77,\"y\":1.77},{\"duration\":27}]},{\"name\":\"kuang\",\"scaleFrame\":[{\"duration\":6,\"curve\":[0,0,0.5,1],\"x\":0.5,\"y\":0.5},{\"tweenEasing\":0},{\"duration\":3,\"tweenEasing\":0,\"x\":1.2,\"y\":1.2},{\"duration\":55}]},{\"name\":\"jinbi\",\"scaleFrame\":[{\"duration\":6,\"curve\":[0,0,0.5,1],\"x\":0.01,\"y\":0.01},{\"tweenEasing\":0},{\"duration\":3,\"tweenEasing\":0,\"x\":1.2,\"y\":1.2},{\"duration\":55}]},{\"name\":\"fish\",\"translateFrame\":[{\"duration\":8,\"tweenEasing\":0,\"y\":12.92},{\"duration\":57,\"y\":-58.49}],\"scaleFrame\":[{\"duration\":5,\"curve\":[0,0,0.5,1],\"x\":0.01,\"y\":0.01},{\"duration\":3,\"curve\":[0,0,0.5,1],\"x\":1.2,\"y\":1.2},{\"duration\":3,\"curve\":[0.5,0,1,1],\"x\":1.2,\"y\":1.2},{\"duration\":6,\"curve\":[0,0,0.5,1],\"x\":0.9,\"y\":0.9},{\"duration\":48}]},{\"name\":\"biaoti1\",\"translateFrame\":[{\"duration\":65,\"x\":28.09,\"y\":25.7}]},{\"name\":\"glow1\",\"translateFrame\":[{\"duration\":27},{\"duration\":38,\"x\":6.78,\"y\":8.14}],\"scaleFrame\":[{\"duration\":27},{\"duration\":8,\"tweenEasing\":0,\"x\":0.01,\"y\":0.01},{\"duration\":9,\"tweenEasing\":0,\"x\":1.2,\"y\":1.2},{\"duration\":21}]},{\"name\":\"glow11\",\"translateFrame\":[{\"duration\":37},{\"duration\":28,\"x\":204.94,\"y\":-26.88}],\"scaleFrame\":[{\"duration\":37},{\"duration\":8,\"tweenEasing\":0,\"x\":0.01,\"y\":0.01},{\"duration\":9,\"tweenEasing\":0,\"x\":1.2,\"y\":1.2},{\"duration\":11}]},{\"name\":\"glow12\",\"translateFrame\":[{\"duration\":45},{\"duration\":20,\"x\":387.83,\"y\":-19.39}],\"scaleFrame\":[{\"duration\":45},{\"duration\":8,\"tweenEasing\":0,\"x\":0.01,\"y\":0.01},{\"duration\":9,\"tweenEasing\":0,\"x\":1.2,\"y\":1.2},{\"duration\":3}]}],\"slot\":[{\"name\":\"jishaboss_guang\",\"displayFrame\":[{\"duration\":27,\"value\":-1},{\"duration\":38}],\"colorFrame\":[{\"duration\":27,\"tweenEasing\":0,\"value\":{\"aM\":80,\"rM\":96,\"gM\":88,\"bM\":0}},{\"duration\":6,\"tweenEasing\":0,\"value\":{\"aM\":0,\"rM\":96,\"gM\":88,\"bM\":0}},{\"duration\":5,\"tweenEasing\":0,\"value\":{\"rM\":96,\"gM\":88,\"bM\":0}},{\"duration\":6,\"tweenEasing\":0,\"value\":{\"rM\":96,\"gM\":88,\"bM\":0}},{\"duration\":21,\"value\":{\"aM\":0,\"rM\":96,\"gM\":88,\"bM\":0}}]},{\"name\":\"biaoti_01\",\"displayFrame\":[{\"duration\":30,\"value\":-1},{\"duration\":2,\"value\":11},{\"duration\":2,\"value\":10},{\"duration\":2,\"value\":9},{\"duration\":2,\"value\":8},{\"duration\":2,\"value\":7},{\"duration\":2,\"value\":6},{\"duration\":2,\"value\":5},{\"duration\":3,\"value\":4},{\"duration\":3,\"value\":3},{\"duration\":3,\"value\":2},{\"duration\":3,\"value\":1},{\"duration\":9}]},{\"name\":\"jinbi3\",\"colorFrame\":[{\"duration\":12,\"tweenEasing\":0},{\"duration\":7,\"tweenEasing\":0,\"value\":{\"aM\":99}},{\"duration\":46,\"value\":{\"aM\":0}}]},{\"name\":\"jinbi_1\",\"displayFrame\":[{\"duration\":5,\"value\":-1},{\"duration\":60}],\"colorFrame\":[{\"duration\":5,\"tweenEasing\":0},{\"duration\":9,\"tweenEasing\":0},{\"duration\":5,\"tweenEasing\":0,\"value\":{\"aM\":99}},{\"duration\":46,\"value\":{\"aM\":0}}]},{\"name\":\"jinbi_01\",\"colorFrame\":[{\"duration\":20,\"tweenEasing\":0},{\"duration\":5,\"tweenEasing\":0,\"value\":{\"aM\":99}},{\"duration\":40,\"value\":{\"aM\":0}}]},{\"name\":\"jinbi_2\",\"displayFrame\":[{\"duration\":4,\"value\":-1},{\"duration\":61}],\"colorFrame\":[{\"duration\":4,\"tweenEasing\":0},{\"duration\":7,\"tweenEasing\":0},{\"duration\":5,\"tweenEasing\":0,\"value\":{\"aM\":99}},{\"duration\":49,\"value\":{\"aM\":0}}]},{\"name\":\"jinbi_02\",\"colorFrame\":[{\"duration\":18,\"tweenEasing\":0},{\"duration\":5,\"tweenEasing\":0,\"value\":{\"aM\":99}},{\"duration\":42,\"value\":{\"aM\":0}}]},{\"name\":\"jinbi_3\",\"displayFrame\":[{\"duration\":11,\"value\":-1},{\"duration\":54}],\"colorFrame\":[{\"duration\":11,\"tweenEasing\":0},{\"duration\":5,\"tweenEasing\":0},{\"duration\":5,\"tweenEasing\":0,\"value\":{\"aM\":99}},{\"duration\":44,\"value\":{\"aM\":0}}]},{\"name\":\"jinbi_4\",\"colorFrame\":[{\"duration\":15,\"tweenEasing\":0},{\"duration\":8,\"tweenEasing\":0,\"value\":{\"aM\":99}},{\"duration\":42,\"value\":{\"aM\":0}}]},{\"name\":\"jinbi_5\",\"colorFrame\":[{\"duration\":19,\"tweenEasing\":0},{\"duration\":6,\"tweenEasing\":0,\"value\":{\"aM\":99}},{\"duration\":40,\"value\":{\"aM\":0}}]},{\"name\":\"jinbi_7\",\"displayFrame\":[{\"duration\":4,\"value\":-1},{\"duration\":61}],\"colorFrame\":[{\"duration\":4,\"tweenEasing\":0},{\"duration\":12,\"tweenEasing\":0},{\"duration\":5,\"tweenEasing\":0,\"value\":{\"aM\":99}},{\"duration\":44,\"value\":{\"aM\":0}}]},{\"name\":\"heisezhezhao\",\"displayFrame\":[{\"duration\":65,\"value\":-1}]},{\"name\":\"hengfu\",\"colorFrame\":[{\"duration\":4,\"tweenEasing\":0,\"value\":{\"aM\":0}},{\"duration\":61}]},{\"name\":\"jinbidui1\",\"colorFrame\":[{\"duration\":5,\"tweenEasing\":0,\"value\":{\"aM\":0}},{\"duration\":60}]},{\"name\":\"fish\",\"colorFrame\":[{\"duration\":4,\"tweenEasing\":0,\"value\":{\"aM\":0}},{\"duration\":61}]},{\"name\":\"jishaboss_guang1\",\"displayFrame\":[{\"duration\":37,\"value\":-1},{\"duration\":28}],\"colorFrame\":[{\"duration\":37,\"tweenEasing\":0,\"value\":{\"aM\":80,\"rM\":96,\"gM\":88,\"bM\":0}},{\"duration\":6,\"tweenEasing\":0,\"value\":{\"aM\":0,\"rM\":96,\"gM\":88,\"bM\":0}},{\"duration\":5,\"tweenEasing\":0,\"value\":{\"rM\":96,\"gM\":88,\"bM\":0}},{\"duration\":6,\"tweenEasing\":0,\"value\":{\"rM\":96,\"gM\":88,\"bM\":0}},{\"duration\":11,\"value\":{\"aM\":0,\"rM\":96,\"gM\":88,\"bM\":0}}]},{\"name\":\"jishaboss_guang2\",\"displayFrame\":[{\"duration\":45,\"value\":-1},{\"duration\":20}],\"colorFrame\":[{\"duration\":45,\"tweenEasing\":0,\"value\":{\"aM\":80,\"rM\":96,\"gM\":88,\"bM\":0}},{\"duration\":6,\"tweenEasing\":0,\"value\":{\"aM\":0,\"rM\":96,\"gM\":88,\"bM\":0}},{\"duration\":5,\"tweenEasing\":0,\"value\":{\"rM\":96,\"gM\":88,\"bM\":0}},{\"duration\":6,\"tweenEasing\":0,\"value\":{\"rM\":96,\"gM\":88,\"bM\":0}},{\"duration\":3,\"value\":{\"aM\":0,\"rM\":96,\"gM\":88,\"bM\":0}}]}],\"ffd\":[{\"name\":\"jinbi3\",\"slot\":\"jinbi3\",\"frame\":[{\"duration\":6},{\"duration\":13,\"curve\":[0,0.7,0.75,1]},{\"duration\":46,\"vertices\":[-166.32,199.02,-97.95,199.02,-97.95,255.81,-166.32,255.81]}]},{\"name\":\"jinbi_01\",\"slot\":\"jinbi_1\",\"frame\":[{\"duration\":5},{\"duration\":14,\"tweenEasing\":0},{\"duration\":46,\"vertices\":[-272.03,165.69,242.35,165.69,205.26,-64.3,-269.56,-84.08]}]},{\"name\":\"jinbi_02\",\"slot\":\"jinbi_2\",\"frame\":[{\"duration\":4},{\"duration\":7,\"tweenEasing\":0,\"vertices\":[-342.18,-202.58,342.18,-202.58,342.18,202.58,-342.18,202.58]},{\"duration\":5,\"tweenEasing\":0,\"vertices\":[48.39,28.65,-48.39,28.65,-48.39,-28.65,48.39,-28.65]},{\"duration\":49,\"vertices\":[181.72,107.58,-181.72,107.58,-181.72,-107.58,181.72,-107.58]}]},{\"name\":\"jinbi_02\",\"slot\":\"jinbi_02\",\"frame\":[{\"duration\":23,\"tweenEasing\":0},{\"duration\":42,\"vertices\":[-23.21,18.86,-23.21,-19.9,0,0,0,0,15.93,-15.55,15.93,16.54,0,0,0,0,12.65,27.31,28.87,1.92,4.19,-23.47,-22.61,-21.35,-24.02,9.68,-14.55,12.04,-20.75,-11.05,2,14.89,17.08,2.82,3,-15.29,-19.63,-1.21,18.9,19.54,28.42,-15.82]}]},{\"name\":\"jinbi_01\",\"slot\":\"jinbi_3\",\"frame\":[{\"duration\":11},{\"duration\":10,\"tweenEasing\":0,\"vertices\":[65.9,191.35,-202.36,2.27,-65.9,-191.35,202.36,-2.27]},{\"duration\":44,\"vertices\":[-35.72,-103.71,109.69,-1.23,35.72,103.71,-109.69,1.23]}]},{\"name\":\"jinbi_4\",\"slot\":\"jinbi_4\",\"frame\":[{\"duration\":6},{\"duration\":17,\"curve\":[0,0.7,0.75,1]},{\"duration\":42,\"vertices\":[137.53,6.57,183.39,6.57,183.39,37.93,137.53,37.93]}]},{\"name\":\"jinbi_5\",\"slot\":\"jinbi_5\",\"frame\":[{\"duration\":6},{\"duration\":19,\"curve\":[0,0.7,0.75,1]},{\"duration\":40,\"vertices\":[-173.08,30.54,-124.88,30.54,-124.88,76.64,-173.08,76.64]}]},{\"name\":\"jinbi_02\",\"slot\":\"jinbi_7\",\"frame\":[{\"duration\":4},{\"duration\":17,\"tweenEasing\":0,\"vertices\":[279.82,160.68,-275.45,168.05,-279.82,-160.68,275.45,-168.05]},{\"duration\":44,\"vertices\":[-135.72,-59.84,144.09,-63.56,146.29,102.09,-133.52,105.81]}]}]}],\"defaultActions\":[{\"gotoAndPlay\":\"animation\"}],\"canvas\":{\"width\":1280,\"height\":720}}]}"
}