{
  "version": "1.1.1",
  "windows": {
    "main": {
      "main": true,
      "url": "app://editor/index.html",
      "windowType": "dockable",
      "x": 953,
      "y": 0,
      "width": 1034,
      "height": 1057,
      "layout": {
        "children": [
          {
            "children": [
              {
                "active": 0,
                "children": [
                  "hierarchy"
                ],
                "height": 469.484375,
                "type": "panel",
                "width": 204
              },
              {
                "active": 0,
                "children": [
                  "assets"
                ],
                "height": 466.515625,
                "type": "panel",
                "width": 204
              }
            ],
            "height": 939,
            "type": "dock-v",
            "width": 204
          },
          {
            "children": [
              {
                "children": [
                  {
                    "active": 0,
                    "children": [
                      "scene"
                    ],
                    "height": 667.578125,
                    "type": "panel",
                    "width": 237
                  },
                  {
                    "active": 0,
                    "children": [
                      "node-library"
                    ],
                    "height": 667.578125,
                    "type": "panel",
                    "width": 264
                  }
                ],
                "height": 667.578125,
                "type": "dock-h",
                "width": 504
              },
              {
                "active": 0,
                "children": [
                  "console",
                  "timeline",
                  "game-window"
                ],
                "height": 268.421875,
                "type": "panel",
                "width": 504
              }
            ],
            "height": 939,
            "type": "dock-v",
            "width": 504
          },
          {
            "active": 0,
            "children": [
              "inspector",
              "cocos-services"
            ],
            "height": 939,
            "type": "panel",
            "width": 304
          }
        ],
        "type": "dock-h"
      },
      "panels": [
        "hierarchy",
        "assets",
        "scene",
        "node-library",
        "console",
        "timeline",
        "game-window",
        "inspector",
        "cocos-services"
      ]
    },
    "worker": {}
  },
  "panels": {},
  "panelLabelWidth": {
    "inspector": null
  },
  "panelLabelWidth.inspector": null
}
