{"SubTexture":[{"width":641,"y":1381,"height":361,"name":"heisezhezhao","x":1},{"frameX":0,"frameHeight":720,"y":1,"frameY":-1,"frameWidth":1280,"width":1280,"height":719,"name":"di","x":1},{"frameX":-239,"frameHeight":720,"y":722,"frameY":-42,"frameWidth":1280,"width":808,"height":657,"name":"kuang","x":1},{"frameX":0,"frameHeight":299,"y":1744,"frameY":-2,"frameWidth":675,"width":674,"height":296,"name":"biaoti","x":1},{"frameX":-1,"frameHeight":150,"y":1458,"frameY":-70,"frameWidth":340,"width":59,"height":72,"name":"xl_00002","x":1449},{"width":340,"y":1125,"height":150,"name":"xl_00000","x":1388},{"frameX":-71,"frameHeight":150,"y":1458,"frameY":-26,"frameWidth":340,"width":59,"height":77,"name":"xl_00005","x":1388},{"frameX":-272,"frameHeight":150,"y":1057,"frameY":-83,"frameWidth":340,"width":67,"height":66,"name":"xl_00010","x":1184},{"frameX":-311,"frameHeight":150,"y":1381,"frameY":-145,"frameWidth":340,"width":1,"height":1,"name":"xl_00011","x":807},{"frameX":-100,"frameHeight":150,"y":708,"frameY":-3,"frameWidth":340,"width":59,"height":86,"name":"xl_00006","x":1986},{"frameX":-2,"frameHeight":150,"y":1381,"frameY":-97,"frameWidth":340,"width":35,"height":44,"name":"xl_00001","x":770},{"frameX":-150,"frameHeight":150,"y":1458,"frameY":-15,"frameWidth":340,"width":57,"height":68,"name":"xl_00007","x":1510},{"frameX":-197,"frameHeight":150,"y":978,"frameY":-27,"frameWidth":340,"width":69,"height":77,"name":"xl_00008","x":1184},{"frameX":-236,"frameHeight":150,"y":902,"frameY":-53,"frameWidth":340,"width":75,"height":74,"name":"xl_00009","x":1184},{"frameX":-43,"frameHeight":150,"y":1277,"frameY":-34,"frameWidth":340,"width":60,"height":87,"name":"xl_00004","x":1488},{"frameX":-13,"frameHeight":150,"y":812,"frameY":-49,"frameWidth":340,"width":67,"height":88,"name":"xl_00003","x":1184},{"frameX":-3,"frameHeight":715,"y":1,"frameY":-10,"frameWidth":727,"width":721,"height":705,"name":"dibushexian","x":1283},{"width":124,"y":1381,"height":103,"name":"jinbi3","x":644},{"width":575,"y":1125,"height":415,"name":"jinbi_01","x":811},{"width":701,"y":708,"height":415,"name":"jinbi_02","x":1283},{"width":117,"y":1376,"height":80,"name":"jinbi_4","x":1388},{"width":92,"y":722,"height":88,"name":"jinbi_5","x":1184},{"frameX":-1,"frameHeight":396,"y":722,"frameY":-2,"frameWidth":373,"width":371,"height":394,"name":"kypy_killboss_mry","x":811},{"frameX":0,"frameHeight":159,"y":1542,"frameY":0,"frameWidth":615,"width":612,"height":158,"name":"jinbidui","x":644},{"width":451,"y":1542,"height":116,"name":"shuzikuang","x":1258},{"width":98,"y":1277,"height":97,"name":"a_guang","x":1388}],"width":2048,"height":2048,"name":"kyby_jishaboss","imagePath":"kyby_jishaboss_tex.png"}