{
  "__type__": "dragonBones.DragonBonesAtlasAsset",
  "_name": "NewProject_atlas",
  "_objFlags": 0,
  "_native": "",
  "_atlasJson": "{\"SubTexture\":[{\"frameX\":-1,\"frameHeight\":332,\"y\":1263,\"frameY\":0,\"frameWidth\":354,\"width\":353,\"height\":331,\"name\":\"kypy_killboss_ht\",\"x\":1},{\"frameX\":-3,\"frameHeight\":332,\"y\":703,\"frameY\":-1,\"frameWidth\":470,\"width\":463,\"height\":327,\"name\":\"kypy_killboss_jjhs\",\"x\":371},{\"frameX\":-14,\"frameHeight\":478,\"y\":1,\"frameY\":-19,\"frameWidth\":486,\"width\":466,\"height\":459,\"name\":\"killboss_hdzy\",\"x\":1},{\"width\":368,\"y\":462,\"height\":420,\"name\":\"kypy_killboss_hjcts\",\"x\":1},{\"frameX\":-3,\"frameHeight\":341,\"y\":412,\"frameY\":-1,\"frameWidth\":537,\"width\":531,\"height\":337,\"name\":\"kypy_killboss_lly\",\"x\":920},{\"frameX\":0,\"frameHeight\":394,\"y\":884,\"frameY\":-17,\"frameWidth\":369,\"width\":341,\"height\":377,\"name\":\"killboss_bx\",\"x\":1},{\"frameX\":-1,\"frameHeight\":412,\"y\":1,\"frameY\":-66,\"frameWidth\":700,\"width\":699,\"height\":294,\"name\":\"kypy_killboss_mgy\",\"x\":469},{\"frameX\":-1,\"frameHeight\":404,\"y\":297,\"frameY\":0,\"frameWidth\":451,\"width\":449,\"height\":404,\"name\":\"killboss_aky\",\"x\":469},{\"frameX\":-1,\"frameHeight\":396,\"y\":1,\"frameY\":-2,\"frameWidth\":373,\"width\":371,\"height\":394,\"name\":\"kypy_killboss_mry\",\"x\":1641},{\"frameX\":0,\"frameHeight\":344,\"y\":412,\"frameY\":-1,\"frameWidth\":426,\"width\":425,\"height\":342,\"name\":\"kypy_killboss_tbgw\",\"x\":1453},{\"frameX\":-2,\"frameHeight\":414,\"y\":1,\"frameY\":0,\"frameWidth\":473,\"width\":469,\"height\":409,\"name\":\"kypy_killboss_jlw\",\"x\":1170},{\"frameX\":-1,\"frameHeight\":334,\"y\":1032,\"frameY\":0,\"frameWidth\":454,\"width\":442,\"height\":334,\"name\":\"kypy_killboss_zy\",\"x\":371},{\"frameX\":-86,\"frameHeight\":412,\"y\":751,\"frameY\":-67,\"frameWidth\":700,\"width\":430,\"height\":328,\"name\":\"kypy_killboss_jly\",\"x\":836}],\"width\":2048,\"height\":2048,\"name\":\"NewProject\",\"imagePath\":\"NewProject_tex.png\"}",
  "_texture": {
    "__uuid__": "019873e0-bd21-409a-8a19-95794734a2d4"
  },
  "texture": {
    "__uuid__": "019873e0-bd21-409a-8a19-95794734a2d4"
  },
  "_textureAtlasData": null
}