{
  "__type__": "dragonBones.DragonBonesAsset",
  "_name": "NewProject_ske",
  "_objFlags": 0,
  "_native": "",
  "_dragonBonesJson": "{\"frameRate\":24,\"name\":\"NewProject\",\"version\":\"5.5\",\"compatibleVersion\":\"5.5\",\"armature\":[{\"type\":\"Armature\",\"frameRate\":24,\"name\":\"Armature\",\"aabb\":{\"x\":-184.5,\"y\":-197,\"width\":369,\"height\":394},\"bone\":[{\"name\":\"root\"},{\"length\":92,\"name\":\"killboss_bx\",\"parent\":\"root\",\"transform\":{\"x\":-1.75,\"y\":-1.7,\"skX\":6.4391,\"skY\":6.4391}}],\"slot\":[{\"name\":\"killboss_bx\",\"parent\":\"killboss_bx\"}],\"skin\":[{\"slot\":[{\"name\":\"killboss_bx\",\"display\":[{\"name\":\"killboss_bx\",\"transform\":{\"x\":1.93,\"y\":1.49,\"skX\":-6.44,\"skY\":-6.44}},{\"name\":\"killboss_aky\",\"transform\":{\"x\":1.93,\"y\":1.49,\"skX\":-6.44,\"skY\":-6.44}},{\"name\":\"killboss_hdzy\",\"transform\":{\"x\":1.93,\"y\":1.49,\"skX\":-6.44,\"skY\":-6.44}},{\"name\":\"kypy_killboss_hjcts\",\"transform\":{\"x\":1.93,\"y\":1.49,\"skX\":-6.44,\"skY\":-6.44}},{\"name\":\"kypy_killboss_ht\",\"transform\":{\"x\":1.93,\"y\":1.49,\"skX\":-6.44,\"skY\":-6.44}},{\"name\":\"kypy_killboss_jjhs\",\"transform\":{\"x\":1.93,\"y\":1.49,\"skX\":-6.44,\"skY\":-6.44}},{\"name\":\"kypy_killboss_jlw\",\"transform\":{\"x\":1.93,\"y\":1.49,\"skX\":-6.44,\"skY\":-6.44}},{\"name\":\"kypy_killboss_jly\",\"transform\":{\"x\":1.93,\"y\":1.49,\"skX\":-6.44,\"skY\":-6.44}},{\"name\":\"kypy_killboss_lly\",\"transform\":{\"x\":1.93,\"y\":1.49,\"skX\":-6.44,\"skY\":-6.44}},{\"name\":\"kypy_killboss_mgy\",\"transform\":{\"x\":1.93,\"y\":1.49,\"skX\":-6.44,\"skY\":-6.44}},{\"name\":\"kypy_killboss_mry\",\"transform\":{\"x\":1.93,\"y\":1.49,\"skX\":-6.44,\"skY\":-6.44}},{\"name\":\"kypy_killboss_tbgw\",\"transform\":{\"x\":1.93,\"y\":1.49,\"skX\":-6.44,\"skY\":-6.44}},{\"name\":\"kypy_killboss_zy\",\"transform\":{\"x\":1.93,\"y\":1.49,\"skX\":-6.44,\"skY\":-6.44}}]}]}],\"animation\":[{\"duration\":0,\"playTimes\":0,\"name\":\"newAnimation\"}],\"defaultActions\":[{\"gotoAndPlay\":\"newAnimation\"}]}]}"
}